Subject,Catalog,Title,preq1 subject,preq1 catalog,pereq1 title ,Co /Pre,AND/OR,preq2 sub,preq2 cat,pereq2 title ,Co /Pre,AND/OR,preq3 no,preq3 cat,pereq3 title ,Co /Pre,AND/OR,preq4 no,preq4 cat,pereq4 title ,Co /Pre,
BIO,F110,BIOLOGICAL LABORATORY,,,,,,,,,,,,,,,,,,,,
BIO,F111,GENERAL BIOLOGY,,,,,,,,,,,,,,,,,,,,
BIO,F211,BIOLOGICAL CHEMISTRY,BIO,    F111,GENERAL BIOLOGY,PRE,,,,,,,,,,,,,,,,
BIO,F212,MICROBIOLOGY,BIO,    F111,GENERAL BIOLOGY,PRE,,,,,,,,,,,,,,,,
BIO,F213,CELL BIOLOGY,BIO,    F111,GENERAL BIOLOGY,PRE,,,,,,,,,,,,,,,,
BIO,F214,INTEGRATED BIOLOGY,BIO,    F111,GENERAL BIOLOGY,PRE,,,,,,,,,,,,,,,,
BIO,F215,BIOPHYSICS,BIO,    F111,GENERAL BIOLOGY,PRE,,,,,,,,,,,,,,,,
BIO,F241,ECOLOGY & ENVIRON SCI,,,,,,,,,,,,,,,,,,,,
BIO,F242,INTRO TO BIOINFORMATICS,BIO,    F111,GENERAL BIOLOGY,PRE,,,,,,,,,,,,,,,,
BIO,F243,GENETICS,BIO,    F111,GENERAL BIOLOGY,PRE,,,,,,,,,,,,,,,,
BIO,F244,INSTRU METHODS OF ANAL,BIO,    F110,BIOLOGICAL LABORATORY,PRE,,,,,,,,,,,,,,,,
BIO,F312,PLANT PHYSIOLOGY,BIO,    F211,BIOLOGICAL CHEMISTRY,PRE,AND,BIO,    F111,GENERAL BIOLOGY,PRE,,,,,,,,,,,
BIO,F313,ANIMAL PHYSIOLOGY,BIO,    F211,BIOLOGICAL CHEMISTRY,PRE,AND,BIO,    F111,GENERAL BIOLOGY,PRE,,,,,,,,,,,
BIO,F341,DEVELOPMENTAL BIOLOGY,BIO,    F243,GENETICS,PRE,AND,BIO,    F213,CELL BIOLOGY,PRE,,,,,,,,,,,
BIO,F342,IMMUNOLOGY,BIO,    F212,MICROBIOLOGY,PRE,AND,BIO,    F213,CELL BIOLOGY,PRE,,,,,,,,,,,
BIO,F352,CELL & TISSUE CULTR TECH,,,,,,,,,,,,,,,,,,,,
BIO,F413,MOLECULAR BIO OF CELL,,,,,,,,,,,,,,,,,,,,
BIO,F418,GENETIC ENGINEERING TECH,,,,,,,,,,,,,,,,,,,,
BIO,F419,MOLECULAR EVOLUTION,BIO,    F111,GENERAL BIOLOGY,PRE,,,,,,,,,,,,,,,,
BIO,F431,REPRODUCTIVE  PHYSIOLOGY,BIO,    F313,ANIMAL PHYSIOLOGY,PRE,,,,,,,,,,,,,,,,
BIO,F441,BIOCHEMICAL ENGINEERING,,,,,,,,,,,,,,,,,,,,
BIO,F451,BIOPROCESS TECHNOLOGY,,,,,,,,,,,,,,,,,,,,
BIO,G515,STEM CELL AND GENERATIBE BIOLOGY  ,BIO ,F341,DEVELOPMENTAL BIOLOGY,CO,,,,,,,,,,,,,,,,
BIO,G526,CANCER BIOLOGY,BIO ,F243,GENETICS,PRE,,,,,,,,,,,,,,,,
BIO,G545,MOLECULAR PARASITOLOGY AND VECTOR BIOLOGY,BIO ,F342,IMMUNOBIOLOGY,PRE,,,,,,,,,,,,,,,,
BIO,G561,ADVANCES IN RECOMBINANT DNA TECH,BIO,F311,RECOMBINANT DNA TECH,,,,,,,,,,,,,,,,,
BIO,G561,ADVANCES IN RECOMBINANT DNA TECHNOLOGY,BIO,F311,RECOMBINANT DNA TECHNOLOGY,PRE,,,,,,,,,,,,,,,,
BIO,G570,RECENT DEVELOPMENTS IN BIOLOGY,,,,,,,,,,,,,,,,,,,,
BIO,G612,HUMAN GENETICS,BIO ,F243,GENETICS,PRE,AND,BIO,F311,RECOMBINANT DNA TECH,CO-REQ,,,,,,,,,,,
BIO,G612,HUMAN GENETICS,BIO ,F243,GENETICS,PRE,AND,BIO,F 311,RECOMBINANT DNA TECHNOLOGY,CO-REQ,,,,,,,,,,,
BIOT,F211,BIOLOGICAL CHEMISTRY,BIO,    F111,GENERAL BIOLOGY,PRE,,,,,,,,,,,,,,,,
BIOT,F212,MICROBIOLOGY,BIO,    F111,GENERAL BIOLOGY,PRE,,,,,,,,,,,,,,,,
BIOT,F213,CELL BIOLOGY,,,,,,,,,,,,,,,,,,,,
BIOT,F215,BIOPHYSICS,BIO,    F111,GENERAL BIOLOGY,PRE,,,,,,,,,,,,,,,,
BIOT,F241,GENETIC ENGINEERING TECH,,,,,,,,,,,,,,,,,,,,
BIOT,F242,INTRO TO BIOINFORMATICS,BIO,    F111,GENERAL BIOLOGY,PRE,,,,,,,,,,,,,,,,
BIOT,F243,GENETICS,BIO,    F111,GENERAL BIOLOGY,PRE,,,,,,,,,,,,,,,,
BIOT,F244,INSTRU METHODS OF ANAL,BIO,    F110,BIOLOGICAL LABORATORY,PRE,,,,,,,,,,,,,,,,
BIOT,F245,INTRO TO ENVIRON BIOTECH,BIO,F111,GENERAL BIOLOGY,PRE,AND,BIOT,F212,MICROBIOLOGY,PRE,,,,,,,,,,,
BIOT,F311,RECOMBINANT DNA TECH,BIOT,F211,BIOLOGICAL CHEMISTRY,PRE,AND,BIOT,F243,GENETICS,PRE,,,,,,,,,,,
BIOT,F314,INDUS MICROBIO & BIOPRO ENGG,BIO,F111,GENERAL BIOLOGY,PRE,AND,BIOT,F212,MICROBIOLOGY,PRE,,,,,,,,,,,
BIOT,F342,IMMUNOLOGY,BIOT,F212,MICROBIOLOGY,PRE,AND,BIOT,    F213,CELL BIOLOGY,PRE,,,,,,,,,,,
BIOT,F343,EXPERIMENTS IN BIOTECH,BIOT,F241,GENETIC ENGINEERING TECH,PRE,AND,,,,,,,,,,,,,,,
BIOT,F344,DOWNSTREAM PROCESSING,BIO,F111,GENEARL BIOLOGY,PRE,AND,BIOT,F212,MICROBIOLOGY,PRE,,,,,,,,,,,
BIOT,F345,PROTEOMICS,,,,,,,,,,,,,,,,,,,,
BIOT,F346,GENOMICS,,,,,,,,,,,,,,,,,,,,
BIOT,F347,IMMUNOTECHNOLOGY,BIOT,F342,IMMUNOLOGY,PRE,,,,,,,,,,,,,,,,
BIOT,F352,CELL & TISSUE CULTR TECH,,,,,,,,,,,,,,,,,,,,
BIOT,F413,MOLECULAR BIO OF CELL,,,,,,,,,,,,,,,,,,,,
BIOT,F416,INTRO TO PHARMA BIOTECH,,,,,,,,,,,,,,,,,,,,
BIOT,F417,BIOMOLECULAR MODELING,BIOT,F211,BIOLOGICAL CHEMISTRY,PRE,,,,,,,,,,,,,,,,
BIOT,F420,INTRO TO PLANT BIOTECH,,,,,,,,,,,,,,,,,,,,
BIOT,F422,NANOBIOTECHNOLOGY,BIO,F111,GENERAL BIOLOGY,PRE,,,,,,,,,,,,,,,,
BIOT,F423,DRUG DESIGN AND DELIVERY,CHEM,F111,GENERAL CHEMISTRY,PRE,,,,,,,,,,,,,,,,
BIOT,F424,FOOD BIOTECHNOLOGY,BIOT,F212,MICROBIOLOGY,PRE,,,,,,,,,,,,,,,,
BITS,F110,ENGINEERING GRAPHICS,,,,,,,,,,,,,,,,,,,,
BITS,F111,THERMODYNAMICS,,,,,,,,,,,,,,,,,,,,
BITS,F112,TECH REPORT WRITING,,,,,,,,,,,,,,,,,,,,
BITS,F113,GENERAL MATHEMATICS-I,,,,,,,,,,,,,,,,,,,,
BITS,F114,GENERAL MATHEMATICS-II,,,,,,,,,,,,,,,,,,,,
BITS,F214,"SCIENCE, TECHNOLOGY AND MODERNITY",,,,,,,,,,,,,,,,,,,,
BITS,F218,GENERAL MATHEMATICS-III,,,,,,,,,,,,,,,,,,,,
BITS,F219,PROCESS ENGINEERING,,,,,,,,,,,,,,,,,,,,
BITS,F221,PRACTICE SCHOOL I,,,,,,,,,,,,,,,,,,,,
BITS,F223,OBJECT ORIENTED PROG,,,,,,,,,,,,,,,,,,,,
BITS,F311,IMAGE PROCESSING,,,,,,,,,,,,,,,,,,,,
BITS,F312,NEURAL NET & FUZZY LOGIC,,,,,,,,,,,,,,,,,,,,
BITS,F312,NEURAL NETWORKS AND FUZZY LOGIC,,,,,,,,,,,,,,,,,,,,
BITS,F313,MULTICRI DE MAK IN E & M,,,,,,,,,,,,,,,,,,,,
BITS,F316,NONLINEAR DYNA & CHAOS,MATH,    F111,MATHEMATICS-I,PRE,AND,MATH,    F112,MATHEMATICS-II,PRE,AND,MATH,    F211,MATHEMATICS III,PRE,,,,,,
BITS,F317,THEORETICAL NEUROSCIENCE,PHY,F111,MECHANICS OSCILLATIONS AND WAVES,PRE,AND,BIO,F111,GENERAL BIOLOGY,PRE,AND,MATH ,F211,MATHEMATICS III,PRE,AND,MATH,F113,PROBABILITY AND STATISTICS,,
BITS,F341,SHORT FILM & VIDEO PROD,,,,,,,,,,,,,,,,,,,,
BITS,F342,HUMANITIES & DESIGN,,,,,,,,,,,,,,,,,,,,
BITS,F343,FUZZY LOGIC & APPL,,,,,,,,,,,,,,,,,,,,
BITS,F364,HUMAN COMP INTERACTION,,,,,,,,,,,,,,,,,,,,
BITS,F385,INTRO TO GENDER STUDIES,,,,,,,,,,,,,,,,,,,,
BITS,F386,QUANTUM INFO & COMPUTING,,,,,,,,,,,,,,,,,,,,
BITS,F399,HUMANISTIC THEORIES OF SCIENCE AND TECHNOLOGY,,,,,,,,,,,,,,,,,,,,
BITS,F412,PRACTICE SCHOOL II,,,,,,,,,,,,,,,,,,,,
BITS,F415,INTRODUCTION TO MEMS,,,,,,,,,,,,,,,,,,,,
BITS,F418,INTRODUCTION TO BIOMEDICAL ENGINEERING,,,,,,,,,,,,,,,,,,,,
BITS,F421,THESIS,,,,,,,,,,,,,,,,,,,,
BITS,F430,RENEWABLE ENERGY LABORATORY,,,,,,,,,,,,,,,,,,,,
BITS,F437,TECHNICAL COMMUNICATION,,,,,,,,,,,,,,,,,,,,
BITS,F463,CRYPTOGRAPHY,,,,,,,,,,,,,,,,,,,,
BITS,F464,MACHINE LEARNING,,,,,,,,,,,,,,,,,,,,
BITS,F467,BIOETHICS & BIOSAFETY,,,,,,,,,,,,,,,,,,,,
CE,F211,MECHANICS OF SOLIDS,,,,,,,,,,,,,,,,,,,,
CE,F212,TRANSPORT PHENOMENA,,,,,,,,,,,,,,,,,,,,
CE,F213,SURVEYING,,,,,,,,,,,,,,,,,,,,
CE,F214,CONSTRUCTION MATERIALS,,,,,,,,,,,,,,,,,,,,
CE,F241,ANALYSIS OF STRUCTURES,CE,    F211,MECHANICS OF SOLIDS,PRE,,,,,,,,,,,,,,,,
CE,F242,CONSTRUCTION PLAN & TECH,,,,,,,,,,,,,,,,,,,,
CE,F243,SOIL MECHANICS,,,,,,,,,,,,,,,,,,,,
CE,F244,HIGHWAY ENGINEERING,,,,,,,,,,,,,,,,,,,,
CE,F311,DES OF CONCRETE STRUCT,CE,    F211,MECHANICS OF SOLIDS,PRE,,,,,,,,,,,,,,,,
CE,F312,HYDRAULIC ENGINEERING,CE,    F212,TRANSPORT PHENOMENA,PRE,,,,,,,,,,,,,,,,
CE,F313,FOUNDATION ENGINEERING,CE,    F243,SOIL MECHANICS,PRE,,,,,,,,,,,,,,,,
CE,F323,INTRO TO ENVIRN ENGG,,,,,,,,,,,,,,,,,,,,
CE,F324,NUMERICAL ANALYSIS,,,,,,,,,,,,,,,,,,,,
CE,F341,HYDRO & WATER RES ENGG,CE,    F212,TRANSPORT PHENOMENA,PRE,,,,,,,,,,,,,,,,
CE,F342,WATER & WASTEWATER TREAT,,,,,,,,,,,,,,,,,,,,
CE,F343,DES OF STEEL STRUCTURES,CE,    F211,MECHANICS OF SOLIDS,PRE,,,,,,,,,,,,,,,,
CE,F345,COMPUTATIONAL GEOMECHANICS,CE,F211,MECHANICS OF SOLIDS,PRE,,CE ,F243,SOIL MECHANICS,PRE,,CE,F313,FOUNDATION ENGINEERING,,,,,,,
CE,F411,OPER RESEARCH FOR ENGIN,MATH,    F113,PROBABILITY & STATISTICS,PRE,,,,,,,,,,,,,,,,
CE,F412,DISASTER MANAGEMENT,,,,,,,,,,,,,,,,,,,,
CE,F413,ADV STRUCTURAL DESIGN,CE,    F311,DES OF CONCRETE STRUCT,PRE,AND,CE,    F343,DES OF STEEL STRUCTURES,CO,,,,,,,,,,,
CE,F415,DES OF PREST CONC STRUCT,CE,    F311,DES OF CONCRETE STRUCT,CO,,,,,,,,,,,,,,,,
CE,F416,COMP APPLI IN CIVIL ENGG,,,,,,,,,,,,,,,,,,,,
CE,F417,APP OF AI IN CIVIL ENGG,,,,,,,,,,,,,,,,,,,,
CE,F419,GEOTECH EQ ENG & MC FOUN,CE,    F243,SOIL MECHANICS,PRE,,,,,,,,,,,,,,,,
CE,F420,INTRO  TO BRIDGE ENGG,CE,    F311,DES OF CONCRETE STRUCT,CO,AND,CE,    F343,DES OF STEEL STRUCTURES,PRE,,,,,,,,,,,
CE,F421,A & D OF FRP REIN CON ST,CE,    F311,DES OF CONCRETE STRUCT,CO,,,,,,,,,,,,,,,,
CE,F422,URBAN HYDROLOGY,,,,,,,,,,,,,,,,,,,,
CE,F423,GREEN BUILD & ENER CONSE,,,,,,,,,,,,,,,,,,,,
CE,F425,AIRPORT RAIL & WATERWAYS,,,,,,,,,,,,,,,,,,,,
CE,F426,GEOSYN & REIN SOIL STR,CE,    F243,SOIL MECHANICS,PRE,,,,,,,,,,,,,,,,
CE,F427,SYSTEM MODELING & ANAL,,,,,,,,,,,,,,,,,,,,
CE,F428,EARTHQUAKE RES DES & CON,CE,    F311,DES OF CONCRETE STRUCT,CO,,,,,,,,,,,,,,,,
CE,F429,DES OF FOUNDATION SYSTEM,CE,    F243,SOIL MECHANICS,PRE,,,,,,,,,,,,,,,,
CE,F430,DES OF ADV CONC STRUCT,CE,    F311,DES OF CONCRETE STRUCT,PRE,,,,,,,,,,,,,,,,
CE,F431,PRIN OF GEO INFO SYS,,,,,,,,,,,,,,,,,,,,
CE,F432,STRUCTURAL DYNAMICS,CE,    F241,ANALYSIS OF STRUCTURES,PRE,,,,,,,,,,,,,,,,
CE,F433,REMOTE SENS & IMAGE PROC,,,,,,,,,,,,,,,,,,,,
CE,F434,ENV IMPACT ASSESSMENT,,,,,,,,,,,,,,,,,,,,
CE,F435,INTRODUCTION TO FEM,CE,    F241,ANALYSIS OF STRUCTURES,PRE,,,,,,,,,,,,,,,,
CE,G544,FRACTURE MECHANICS OF CONCRETE STRUCTURES,,,,,,,,,,,,,,,,,,,,
CE,G562,ADVANCED CONCRETE TECHNOLOGY,CE,F214,CONSTRUCTION MATERIALS,PRE,,,,,,,,,,,,,,,,
CHE,F211,CHEMICAL PROCESS CALCULA,,,,,,,,,,,,,,,,,,,,
CHE,F212,FLUID MECHANICS,,,,,,,,,,,,,,,,,,,,
CHE,F213,CHEM ENGG THERMODYNAMICS,BITS,    F111,THERMODYNAMICS,PRE,,,,,,,,,,,,,,,,
CHE,F214,ENGINEERING CHEMISTRY,CHEM,    F111,GENERAL CHEMISTRY,PRE,,,,,,,,,,,,,,,,
CHE,F241,HEAT TRANSFER,,,,,,,,,,,,,,,,,,,,
CHE,F242,NUM METHOD FOR CHEM ENGG,MATH,    F211,MATHEMATICS III,PRE,,,,,,,,,,,,,,,,
CHE,F243,MATERIAL SCIENCE & ENGG,,,,,,,,,,,,,,,,,,,,
CHE,F244,SEPARATION PROCESSES I,,,,,,,,,,,,,,,,,,,,
CHE,F311,KINETICS & REACTOR DESIG,,,,,,,,,,,,,,,,,,,,
CHE,F312,CHEMICAL ENGG LAB I,CHE,    F214,ENGINEERING CHEMISTRY,CO,AND,CHE,    F212,FLUID MECHANICS,CO,AND,CHE,    F241,HEAT TRANSFER,CO,AND,CHE,    F244,SEPARATION PROCESSES I,CO,
CHE,F313,SEPARATION PROCESSES II,CHE,    F244,SEPARATION PROCESSES I,,,,,,,,,,,,,,,,,
CHE,F314,PROCESS DES PRINCIPLES I,,,,,,,,,,,,,,,,,,,,
CHE,F342,PROCESS DYN & CONTROL,,,,,,,,,,,,,,,,,,,,
CHE,F343,PROCESS DES PRINCIPLE II,CHE,    F314,PROCESS DES PRINCIPLES I,PRE,AND,CHE,    F313,SEPARATION PROCESSES II,PRE,,,,,,,,,,,
CHE,F411,ENVIR POLLUTION CONTROL,CHE,    F244,SEPARATION PROCESSES I,PRE,,,,,,,,,,,,,,,,
CHE,F412,PROCESS EQUIPMENT DESIGN,CHE,    F341,CHEMICAL ENGG LAB II,CO,,,,,,,,,,,,,,,,
CHE,F413,PROCESS PLANT SAFETY,CHE,    F341,CHEMICAL ENGG LAB II,CO,,,,,,,,,,,,,,,,
CHE,F414,TRANSPORT PHENOMENA,CHE,    F212,FLUID MECHANICS,PRE,AND,CHE,    F241,HEAT TRANSFER,PRE,AND,CHE,    F244,SEPARATION PROCESSES I,PRE,,,,,,
CHE,F415,MOLEC & STAT THERMODYN,CHE,    F213,CHEM ENGG THERMODYNAMICS,PRE,,,,,,,,,,,,,,,,
CHE,F416,PROCESS PLANT DES PRO I,CHE,    F312,CHEMICAL ENGG LAB I,PRE,,,,,,,,,,,,,,,,
CHE,F417,PROCESS PLANT DES PRO II,CHE,    F341,CHEMICAL ENGG LAB II,PRE,,,,,,,,,,,,,,,,
CHE,F418,MODEL & SIMU IN CHE ENGG,CHE,F242,NUMERICAL METHODS FOR CHEMICAL ENGINEERS,PRE,AND,CHE,F311,KINETICS AND REACTOR DESIGN,PRE,,,,,,,,,,,
CHE,F419,CHEMICAL PROCESS TECH,CHE,    F341,CHEMICAL ENGG LAB II,CO,,,,,,,,,,,,,,,,
CHE,F421,BIOCHEMICAL ENGINEERING,CHE,    F311,KINETICS & REACTOR DESIG,CO,,,,,,,,,,,,,,,,
CHE,F422,PETROLEUM REFINING TECHNOLOGY,CHE,F244,SEPARATION PROCESSES I,PRE,,,,,,,,,,,,,,,,
CHE,F433,CORROSION ENGINEERING,CHE,F243,MATERIAL SCIENCE & ENGINEERING,PRE,OR,ME,F213,MATERIAL SCIENCE AND ENGINEERING,PRE,OR,MF,F213,MATERIAL SCIENCE AND ENGINEERING,PRE,,,,,,
CHE,F471,ADVANCE PROCESS CONTROL,CHE,    F342,PROCESS DYN & CONTROL,PRE,,,,,,,,,,,,,,,,
CHE,F491,SPECIAL PROJECTS,,,,PRE,,,,,,,,,,,,,,,,
CHE,G511,Fluidization Engineering,CHE,F311,Kinetics & Reactor Design ,PRE,,,,,,,,,,,,,,,,
CHE,G512,Petroleum Refining and Petrochemicals,CHE,F312,Chemical Engineering Lab � I  ,PRE,,,,,,,,,,,,,,,,
CHE,G513,Environmental Management Systems,,,,,,,,,,,,,,,,,,,,
CHE,G522,Polymer Technology,CHE,F311,Kinetics & Reactor Design ,PRE,,,,,,,,,,,,,,,,
CHE,G523,Mathematical Methods in Chemical Engineering,CHE,F312,Chemical Engineering Lab � I  ,PRE,,,,,,,,,,,,,,,,
CHE,G524,Introduction to Multiphase flow,CHE,F414,Transport Phenomena ,PRE,,,,,,,,,,,,,,,,
CHE,G526,Nuclear Engineering,CHE,F312,Chemical Engineering Lab � I  ,PRE,,,,,,,,,,,,,,,,
CHE,G527,Energy Conservation and Management,,,,,,,,,,,,,,,,,,,,
CHE,G528,Introduction to Nanoscience & Technology,CHE,F243,Material Science & Engineering ,PRE,,,,,,,,,,,,,,,,
CHE,G529,Paper and Pulp Technology,CHE,F314,Process Design Principles I ,PRE,,,,,,,,,,,,,,,,
CHE,G532,Alternate Energy Resources,,,,,,,,,,,,,,,,,,,,
CHE,G533,Petroleum Product Characterization,CHE,F312,Chemical Engineering Lab � I  ,PRE,,,,,,,,,,,,,,,,
CHE,G551,Advanced Separation Technology,CHE,F313,Separation Processes II ,PRE,,,,,,,,,,,,,,,,
CHE,G552,ADVANCED TRANSPORT PHENOMENA,,,,,,,,,,,,,,,,,,,,
CHE,G553,STATISTICAL THERMODYNAMICS,,,,,,,,,,,,,,,,,,,,
CHE,G554,COMPUTATIONAL FLUID DYNAMICS,,,,,,,,,,,,,,,,,,,,
CHE,G556,ELECTROCHEMICAL ENGINEERING,,,,,,,,,,,,,,,,,,,,
CHE,G557,ENERGY SYSTEMS ENGINEERING,,,,,,,,,,,,,,,,,,,,
CHE,G558,CHEMICAL PROCESS OPTIMIZATION,,,,,,,,,,,,,,,,,,,,
CHE,G559,REACTOR PHYSICS AND ENGINEERING,,,,,,,,,,,,,,,,,,,,
CHE,G560,NUCLEAR FUEL CYCLE AND WASTE MANAGEMENT,,,,,,,,,,,,,,,,,,,,
CHE,G561,NUCLEAR REACTOR CONTROL AND INSTRUMENTATION,,,,,,,,,,,,,,,,,,,,
CHE,G562,THERMAL HYDRAULICS AND HEAT TRANSFER,,,,,,,,,,,,,,,,,,,,
CHE,G563,NUCLEAR CHEMICAL ENGINEERING,,,,,,,,,,,,,,,,,,,,
CHE,G564,NUCLEAR MATERIALS AND RADIATION DAMAGE,,,,,,,,,,,,,,,,,,,,
CHE,G565,RADIATION AND RADIO ISOTOPES APPLICATIONS,,,,,,,,,,,,,,,,,,,,
CHE,G566,"NUCLEAR SAFETY, SECURITY AND SAFEGUARDS",,,,,,,,,,,,,,,,,,,,
CHE,G567,NATURAL GAS PROCESSING,,,,,,,,,,,,,,,,,,,,
CHE,G568,MODELING AND SIMULATION IN PETROLEUM REFINING,,,,,,,,,,,,,,,,,,,,
CHE,G569,PETROLEUM PRODUCTION ECONOMICS,,,,,,,,,,,,,,,,,,,,
CHE,G613,Advanced Mass Transfer,CHE,F244,Separation Processes I ,PRE,,,,,,,,,,,,,,,,
CHE,G614,Advanced Heat Transfer,CHE,F312,Chemical Engineering Lab � I  ,PRE,,,,,,,,,,,,,,,,
CHE,G616,Petroleum Reservoir Engineering,,,,,,,,,,,,,,,,,,,,
CHE,G617,Petroleum Refinery Engineering,CHE,F341,Chemical Engineering Lab � II  ,PRE,,,,,,,,,,,,,,,,
CHE,G618,Petroleum Downstream Processing,CHE,F314,Process Design Principles I ,PRE,,,,,,,,,,,,,,,,
CHE,G619,Process Intensification,CHE,F343,Process Design Principles II ,PRE,,,,,,,,,,,,,,,,
CHE,G620,Energy Integration Analysis,CHE,F343,Process Design Principles II ,PRE,,,,,,,,,,,,,,,,
CHE,G622,Advanced Chemical Engineering Thermodynamics,CHE,F213,Chemical Engineering Thermodynamics ,PRE,,,,,,,,,,,,,,,,
CHE,G641,Reaction Engineering,CHE,F311,Kinetics & Reactor Design ,PRE,,,,,,,,,,,,,,,,
CHEM,F110,CHEMISTRY LABORATORY,,,,,,,,,,,,,,,,,,,,
CHEM,F111,GENERAL CHEMISTRY,,,,,,,,,,,,,,,,,,,,
CHEM,F211,PHYSICAL CHEMISTRY I,,,,,,,,,,,,,,,,,,,,
CHEM,F212,ORGANIC CHEMISTRY I,,,,,,,,,,,,,,,,,,,,
CHEM,F213,PHYSICAL CHEMISTRY II,,,,,,,,,,,,,,,,,,,,
CHEM,F214,INORGANIC CHEMISTRY I,,,,,,,,,,,,,,,,,,,,
CHEM,F223,COLLOID & SURFACE CHEM,,,,,,,,,,,,,,,,,,,,
CHEM,F241,INORGANIC CHEMISTRY II,,,,,,,,,,,,,,,,,,,,
CHEM,F242,CHEMICAL EXPERIMENTATION I,,,,,,,,,,,,,,,,,,,,
CHEM,F243,ORGANIC CHEMISTRY II,,,,,,,,,,,,,,,,,,,,
CHEM,F244,PHYSICAL CHEMISTRY III,CHEM,    F213,PHYSICAL CHEMISTRY II,PRE,,,,,,,,,,,,,,,,
CHEM,F311,ORGANIC CHEMISTRY III,CHEM,    F212,ORGANIC CHEMISTRY I,PRE/CO,,,,,,,,,,,,,,,,
CHEM,F312,PHYSICAL CHEMISTRY IV,,,,,,,,,,,,,,,,,,,,
CHEM,F313,INSTRU METHODS OF ANAL,,,,,,,,,,,,,,,,,,,,
CHEM,F323,BIOPHYSICAL CHEMISTRY,,,,,,,,,,,,,,,,,,,,
CHEM,F324,NUMERICAL METHOD IN CHEM,,,,,,,,,,,,,,,,,,,,
CHEM,F325,POLYMER CHEMISTRY,,,,,,,,,,,,,,,,,,,,
CHEM,F326,SOLID STATE CHEMISTRY,,,,,,,,,,,,,,,,,,,,
CHEM,F327,ELECTROCHEM FUNDA & APPL,,,,,,,,,,,,,,,,,,,,
CHEM,F328,SUPRAMOLECULAR CHEMISTRY,,,,,,,,,,,,,,,,,,,,
CHEM,F329,ANALYTICAL CHEMISTRY,,,,,,,,,,,,,,,,,,,,
CHEM,F330,PHOTOPHYSICAL CHEMISTRY,CHEM,    F213,PHYSICAL CHEMISTRY II,PRE,,,,,,,,,,,,,,,,
CHEM,F333,CHEMISTRY OF MATERIALS,,,,,,,,,,,,,,,,,,,,
CHEM,F334,MAGNETIC RESONANCE,CHEM,    F213,PHYSICAL CHEMISTRY II,PRE,AND,PHY,    F212,ELECTROMAGNETIC THEO I,PRE,,,,,,,,,,,
CHEM,F335,ORGANIC CHEM & DRUG DES,CHEM,    F311,ORGANIC CHEMISTRY III,PRE/CO,,,,,,,,,,,,,,,,
CHEM,F336,NANOCHEMISTRY,,,,,,,,,,,,,,,,,,,,
CHEM,F337,GREEN CHEM & CATALYSIS,,,,,,,,,,,,,,,,,,,,
CHEM,F341,CHEMICAL EXPERIMENTATION II,,,,,,,,,,,,,,,,,,,,
CHEM,F342,ORGANIC CHEMISTRY IV,,,,,,,,,,,,,,,,,,,,
CHEM,F343,INORGANIC CHEMISTRY III,,,,,,,,,,,,,,,,,,,,
CHEM,F412,PHOTOCHEM & LASER SPECTR,CHEM,    F213,PHYSICAL CHEMISTRY II,PRE,,,,,,,,,,,,,,,,
CHEM,F413,E COREL IN ATOM & MOLEC,CHEM,    F244,PHYSICAL CHEMISTRY III,PRE,,,,,,,,,,,,,,,,
CHEM,F414,BIO & CHEMICAL SENSORS,,,,,,,,,,,,,,,,,,,,
CHEM,F415,FRONTIERS IN ORGANIC SYN,CHEM,    F311,ORGANIC CHEMISTRY III,PRE/CO,,,,,,,,,,,,,,,,
CHEM,F422,STATISTICAL THERMODYNAM,CHEM,    F211,PHYSICAL CHEMISTRY I,PRE,,,,,,,,,,,,,,,,
CS,F111,COMPUTER PROGRAMMING,,,,,,,,,,,,,,,,,,,,
CS,F211,DATA STRUCTURES & ALGO,CS,    F222,DISCR STRUC FOR COMP SCI,PRE,OR,MATH,    F213,DISCRETE MATHEMATICS,PRE,,,,,,,,,,,
CS,F212,DATABASE SYSTEMS,,,,,,,,,,,,,,,,,,,,
CS,F213,OBJECT ORIENTED PROG,CS,    F111,COMPUTER PROGRAMMING,PRE,,,,,,,,,,,,,,,,
CS,F214,LOGIC IN COMPUTER SC,,,,,,,,,,,,,,,,,,,,
CS,F215,DIGITAL DESIGN,,,,,,,,,,,,,,,,,,,,
CS,F222,DISCR STRUC FOR COMP SCI,,,,,,,,,,,,,,,,,,,,
CS,F241,MICROPROC & INTERFACING,,,,,,,,,,,,,,,,,,,,
CS,F301,PRINCIPLES OF PROGG LANG,CS,    F211,DATA STRUCTURES & ALGO,PRE,,,,,,,,,,,,,,,,
CS,F303,COMPUTER NETWORKS,CS,    F372,OPERATING SYSTEMS,PRE,,,,,,,,,,,,,,,,
CS,F314,SOFT DEV FOR PORT DEVICE,,,,,,,,,,,,,,,,,,,,
CS,F342,COMPUTER ARCHITECTURE,CS,    F241,MICROPROC & INTERFACING,PRE,AND,CS,    F215,DIGITAL DESIGN,PRE,,,,,,,,,,,
CS,F351,THEORY OF COMPUTATION,CS,    F222,DISCR STRUC FOR COMP SCI,PRE,AND,CS,    F214,LOGIC IN COMPUTER SC,PRE,,,,,,,,,,,
CS,F363,COMPILER CONSTRUCTION,CS,    F351,THEORY OF COMPUTATION,PRE,AND,CS,    F301,PRINCIPLES OF PROGG LANG,PRE,,,,,,,,,,,
CS,F364,DESIGN & ANAL OF ALGO,CS,    F211,DATA STRUCTURES & ALGO,PRE,,,,,,,,,,,,,,,,
CS,F372,OPERATING SYSTEMS,,,,,,,,,,,,,,,,,,,,
CS,F401,MULTIMEDIA COMPUTING,,,,,,,,,,,,,,,,,,,,
CS,F407,ARTIFICIAL INTELLIGENCE,,,,,,,,,,,,,,,,,,,,
CS,F413,INTERNETWORKING TECHNOLOG,,,,,,,,,,,,,,,,,,,,
CS,F415,DATA MINING,,,,,,,,,,,,,,,,,,,,
CS,F422,PARALLEL COMPUTING,,,,,,,,,,,,,,,,,,,,
CS,F424,SOFTWARE FOR EMBEDED SYS,,,,,,,,,,,,,,,,,,,,
CS,F441,SEL TOPICS FROM COMP SC,,,,,,,,,,,,,,,,,,,,
CS,F446,DATA STORAGE TECH & NETW,,,,,,,,,,,,,,,,,,,,
CS,F469,INFORMATION RETRIEVAL,,,,,,,,,,,,,,,,,,,,
ECE,F211,ELECTRICAL MACHINES,EEE,    F111,ELECTRICAL SCIENCES,PRE,,,,,,,,,,,,,,,,
ECE,F212,ELECTROMAGNETIC THEO I,,,,,,,,,,,,,,,,,,,,
ECE,F214,ELECTRONIC DEVICES,EEE,    F111,ELECTRICAL SCIENCES,PRE,,,,,,,,,,,,,,,,
ECE,F215,DIGITAL DESIGN,,,,,,,,,,,,,,,,,,,,
ECE,F241,MICROPROC & INTERFACING,,,,,,,,,,,,,,,,,,,,
ECE,F242,CONTROL SYSTEMS,,,,,,,,,,,,,,,,,,,,
ECE,F243,SIGNALS & SYSTEMS,,,,,,,,,,,,,,,,,,,,
ECE,F244,MICROELECTRONIC CIRCUITS,,,,,,,,,,,,,,,,,,,,
ECE,F311,COMMUNICATION SYSTEMS,ECE,    F243,SIGNALS & SYSTEMS,PRE,,,,,,,,,,,,,,,,
ECE,F312,EM FIELDS AND MICROWAVE ENGINEERING LABORATORY,EEE,F212,ELECTROMAGNETIC THEORY,CO/PRE,OR,ECE,F212,ELECTROMAGNETIC THEORY,CO/PRE,OR,INSTR,F212,ELECTROMAGNETIC THEORY,CO/PRE,,,,,,
ECE,F314,EM FIELDS & MICRO ENGG,,,,,,,,,,,,,,,,,,,,
ECE,F341,ANALOG ELECTRONICS,ECE,    F244,MICROELECTRONIC CIRCUITS,PRE,,,,,,,,,,,,,,,,
ECE,F344,INFO THEORY & CODING,EEE,F243,SIGNALS & SYSTEM,PRE,,,,,,,,,,,,,,,,
ECE,F414,TELECOM SWIT SYS & NETWK,,,,,,,,,,,,,,,,,,,,
ECE,F416,DIGITAL COMMUNICATION,,,,,,,,,,,,,,,,,,,,
ECE,F418,MOD COMMUNICATION TECH,ECE,    F243,SIGNALS & SYSTEMS,PRE,,,,,,,,,,,,,,,,
ECE,F431,MOBILE TELECOM NETWORKS,ECE,    F243,SIGNALS & SYSTEMS,PRE,,,,,,,,,,,,,,,,
ECE,F434,DIGITAL SIGNAL PROCESS,ECE ,    F243,SIGNALS & SYSTEMS,PRE,,,,,,,,,,,,,,,,
ECE,F472,SATELLITE COMMUNICATION,ECE,    F243,SIGNALS & SYSTEMS,PRE,,,,,,,,,,,,,,,,
ECON,F211,PRINCIPLES OF ECONOMICS,,,,,,,,,,,,,,,,,,,,
ECON,F212,FUNDA OF FIN AND ACCOUNT,,,,,,,,,,,,,,,,,,,,
ECON,F213,MATHEMATIC & STAT METHOD,,,,,,,,,,,,,,,,,,,,
ECON,F214,ECONOMIC ENV OF BUSINESS,,,,,,,,,,,,,,,,,,,,
ECON,F241,ECONOMETRIC METHODS,,,,,,,,,,,,,,,,,,,,
ECON,F242,MICROECONOMICS,ECON,    F211,PRINCIPLES OF ECONOMICS,PRE,,,,,,,,,,,,,,,,
ECON,F243,MACROECONOMICS,ECON,    F211,PRINCIPLES OF ECONOMICS,PRE,,,,,,,,,,,,,,,,
ECON,F244,ECONOMIC OF GROWTH & DEV,ECON,    F211,PRINCIPLES OF ECONOMICS,PRE,,,,,,,,,,,,,,,,
ECON,F311,INTERNATIONAL ECONOMICS,ECON,    F211,PRINCIPLES OF ECONOMICS,PRE,,,,,,,,,,,,,,,,
ECON,F312,MONEY BANK & FIN MARKETS,ECON,    F211,PRINCIPLES OF ECONOMICS,PRE,,,,,,,,,,,,,,,,
ECON,F313,ISSUES IN ECONOMIC DEV,ECON,    F211,PRINCIPLES OF ECONOMICS,PRE,,,,,,,,,,,,,,,,
ECON,F341,PUBLIC FIN THEO & POLICY,ECON,    F211,PRINCIPLES OF ECONOMICS,PRE,,,,,,,,,,,,,,,,
ECON,F342,APPLIED ECONOMETRICS,ECON,    F241,ECONOMETRIC METHODS,PRE,,,,,,,,,,,,,,,,
ECON,F343,ECONOMIC ANAL OF PUB POL,,,,,,,,,,,,,,,,,,,,
ECON,F344,MODELS IN OPERATIONS MANAGEMENT,,,,,,,,,,,,,,,,,,,,
ECON,F345,BEHAVIORAL ECONOMICS ,,,,,,,,,,,,,,,,,,,,
ECON,F351,INDIAN ECONOMIC DEV,,,,,,,,,,,,,,,,,,,,
ECON,F352,MGMT OF BANKS & FIN INST,,,,,,,,,,,,,,,,,,,,
ECON,F353,ENERGY ECONOMIC & POLICY,,,,,,,,,,,,,,,,,,,,
ECON,F354,DERIVATIVES &  RISK MGMT,,,,,,,,,,,,,,,,,,,,
ECON,F355,BUSS ANAL & VALUATION,,,,,,,,,,,,,,,,,,,,
ECON,F356,STRATEGIC FINANCIAL MGMT,,,,,,,,,,,,,,,,,,,,
ECON,F357,MGMT CONTROL SYSTEM,,,,,,,,,,,,,,,,,,,,
ECON,F411,PROJECT APPRAISAL,,,,,,,,,,,,,,,,,,,,
ECON,F412,SECUR ANAL & PORTFOL MGT,,,,,,,,,,,,,,,,,,,,
ECON,F413,FINANCIAL ENGINEERING,ECON,    F354,DERIVATIVES &  RISK MGMT,PRE,,,,,,,,,,,,,,,,
ECON,F414,CREAT & LEAD ENTREP ORGN,,,,,,,,,,,,,,,,,,,,
ECON,F415,NEW VENTURE CREATION,,,,,,,,,,,,,,,,,,,,
ECON,F416,REGIONAL ECONOMICS,,,,,,,,,,,,,,,,,,,,
ECON,F418,QUANTITATIVE ANALYSIS OF INTERNATIONAL TRADE,,,,,,,,,,,,,,,,,,,,
ECON,F422,FUNT & WORK STOCK EXCHAN,,,,,,,,,,,,,,,,,,,,
ECON,F471,RESOURCES & ENVIR ECON,,,,,,,,,,,,,,,,,,,,
EEE,F111,ELECTRICAL SCIENCES,,,,,,,,,,,,,,,,,,,,
EEE,F211,ELECTRICAL MACHINES,EEE,    F111,ELECTRICAL SCIENCES,PRE,,,,,,,,,,,,,,,,
EEE,F212,ELECTROMAGNETIC THEO I,,,,,,,,,,,,,,,,,,,,
EEE,F214,ELECTRONIC DEVICES,EEE,    F111,ELECTRICAL SCIENCES,PRE,,,,,,,,,,,,,,,,
EEE,F215,DIGITAL DESIGN,,,,,,,,,,,,,,,,,,,,
EEE,F241,MICROPROC & INTERFACING,,,,,,,,,,,,,,,,,,,,
EEE,F242,CONTROL SYSTEMS,,,,,,,,,,,,,,,,,,,,
EEE,F243,SIGNALS & SYSTEMS,,,,,,,,,,,,,,,,,,,,
EEE,F244,MICROELECTRONIC CIRCUITS,,,,,,,,,,,,,,,,,,,,
EEE,F245,CONTROL SYSTEM LABORARTORY,EEE,F242,CONTROL SYSTEMS,CO/PRE,OR,ECE,F242,CONTROL SYSTEMS,CO/PRE,OR,INSTR,F242,CONTROL SYSTEMS,CO/PRE,,,,,,
EEE,F246,ELECTRIC & ELECTRONIC CIR LAB,EEE,F243,SIGNALS & SYSTEMS,CO/PRE,AND,EEE,F244,MICROELECTRONIC CIRCUITS,CO/PRE,,,,,,,,,,,
EEE,F311,COMMUNICATION SYSTEMS,EEE,    F243,SIGNALS & SYSTEMS,PRE,,,,,,,,,,,,,,,,
EEE,F312,POWER SYSTEMS,,,,,,,,,,,,,,,,,,,,
EEE,F313,ANALOG & DIGIT VLSI DES,EEE /ECE,    F244,MICROELECTRONIC CIRCUITS,PRE,,,,,,,,,,,,,,,,
EEE,F341,ANALOG ELECTRONICS,EEE,    F244,MICROELECTRONIC CIRCUITS,PRE,,,,,,,,,,,,,,,,
EEE,F342,POWER ELECTRONICS,,,,,,,,,,,,,,,,,,,,
EEE,F345,POWER APPARATUS & NETWK,EEE/ INSTR/ ECE,    F211,ELECTRICAL MACHINES,PRE,,,,,,,,,,,,,,,,
EEE,F346,DATA COMMUNIC & NETWORKS,,,,,,,,,,,,,,,,,,,,
EEE,F347,COMMUNICATION NETWORKS LABORATORY,,,,,,,,,,,,,,,,,,,,
EEE,F348,FPGA BASED SYSTEM DESIGN LAB,EEE,F215,DIGITAL DESIGN,PRE,AND,EEE,F243,SIGNALS & SYSTEMS,PRE,,,,,,,,,,,
EEE,F414,TELECOM SWIT SYS & NETWK,,,,,,,,,,,,,,,,,,,,
EEE,F416,DIGITAL COMMUNICATION,,,,,,,,,,,,,,,,,,,,
EEE,F418,MOD COMMUNICATION TECH,EEE/ INSTR,    F243,SIGNALS & SYSTEMS,PRE,,,,,,,,,,,,,,,,
EEE,F422,MODERN CONTROL SYSTEMS,EEE/ ECE/ INSTR,    F242,CONTROL SYSTEMS,PRE,,,,,,,,,,,,,,,,
EEE,F425,POWER SYS ANAL & CONTROL,,,,,,,,,,,,,,,,,,,,
EEE,F426,FIBRE OPTICS & OPTOELECT,,,,,,,,,,,,,,,,,,,,
EEE,F427,ELEC POWER UTIL & ILLUM,,,,,,,,,,,,,,,,,,,,
EEE,F431,MOBILE TELECOM NETWORKS,EEE/ INSTR,    F243,SIGNALS & SYSTEMS,PRE,,,,,,,,,,,,,,,,
EEE,F432,MEDICAL INSTRUMENTATION,,,,,,,,,,,,,,,,,,,,
EEE,F433,ELECTR MAG FIELD & WAVES,EEE/ INSTR,    F212,ELECTROMAGNETIC THEO ,PRE,,PHY,F212,"ELECTROMAGNE
TIC THEO I",,,,,,,,,,,,
EEE,F434,DIGITAL SIGNAL PROCESS,EEE,    F243,SIGNALS & SYSTEMS,PRE,,,,,,,,,,,,,,,,
EEE,F435,DIGITAL IMAGE PROCESSING,,,,,,,,,,,,,,,,,,,,
EEE,F472,SATELLITE COMMUNICATION,EEE/ INSTR,    F243,SIGNALS & SYSTEMS,PRE,,,,,,,,,,,,,,,,
EEE,F473,WIND ELECTRICAL SYSTEMS,,,,,,,,,,,,,,,,,,,,
EEE,F474,ANTENNA THEORY AND DESIGN,,,,,,,,,,,,,,,,,,,,
EEE,F475,SPECIAL ELECTRICAL MACHINES,,,,,,,,,,,,,,,,,,,,
EEE,F476,SWITCHGEAR AND PROTECTION,,,,,,,,,,,,,,,,,,,,
EEE,F477,MODELING OF FIELD-EFFECT NANODEVICES,,,,,,,,,,,,,,,,,,,,
EEE,F478,POWER SYSTEMS LABORATORY,EEE,F312,POWER SYSTEMS,CO/PRE,,,,,,,,,,,,,,,,
EEE,G512,EMBEDDED SYSTEM DESIGN,ECE,F241,MICROPROCESSORS AND INTERFACING,PRE,OR,EEE ,F241,MICROPROCESSORS AND INTERFACING,PRE,,INSTR ,F241,MICROPROCESSORS AND INTERFACING,,,,,,,
EEE,G547,DEVICE DRIVERS,EEE,G512,EMBEDDED SYSTEM DESIGN,PRE,,,,,,,,,,,,,,,,
EEE,G593,POWER QUALITY,,,,,,,,,,,,,,,,,,,,
EEE,G594,ADVANCED VLSI DEVICES,,,,,,,,,,,,,,,,,,,,
EEE,G595,NANOELECTRONICS AND NANOPHOTONICS TECHNOLOGY,,,,,,,,,,,,,,,,,,,,
FIN,F212,FUNDA OF FIN AND ACCOUNT,,,,,,,,,,,,,,,,,,,,
FIN,F213,MATHEMATIC & STAT METHOD,,,,,,,,,,,,,,,,,,,,
FIN,F214,ECONOMIC ENV OF BUSINESS,,,,,,,,,,,,,,,,,,,,
FIN,F242,INTRO TO FINANCIAL MATH,,,,,,,,,,,,,,,,,,,,
FIN,F243,FUNT & WORK STOCK EXCHAN,,,,,,,,,,,,,,,,,,,,
FIN,F244,INDIAN FINANCIAL SYSTEM,,,,,,,,,,,,,,,,,,,,
FIN,F311,DERIVATIVES &  RISK MGMT,,,,,,,,,,,,,,,,,,,,
FIN,F312,FUND OF TAXATION & AUDIT,,,,,,,,,,,,,,,,,,,,
FIN,F313,SECUR ANAL & PORTFOL MGT,,,,,,,,,,,,,,,,,,,,
FIN,F314,INVEST BANK & FIN SERV,,,,,,,,,,,,,,,,,,,,
FIN,F315,FINANCIAL MANAGEMENT,FIN,    F212,FUNDA OF FIN AND ACCOUNT,PRE,,,,,,,,,,,,,,,,
FIN,F341,INTER FIN MARKETS & SER,,,,,,,,,,,,,,,,,,,,
FIN,F342,PROJECT FINANCE,,,,,,,,,,,,,,,,,,,,
GS,F211,MOD POLITICAL CONCEPTS,,,,,,,,,,,,,,,,,,,,
GS,F212,ENVIRON DEV & CLIMATE CH,,,,,,,,,,,,,,,,,,,,
GS,F213,DEVELOPMENT THEORIES,,,,,,,,,,,,,,,,,,,,
GS,F221,BUSINESS COMMUNICATION,,,,,,,,,,,,,,,,,,,,
GS,F222,LANGUAGE LAB PRACTICE,,,,,,,,,,,,,,,,,,,,
GS,F223,INTRO TO MASS COMM,,,,,,,,,,,,,,,,,,,,
GS,F224,PRINT & AUDIO- VISU ADVER,,,,,,,,,,,,,,,,,,,,
GS,F231,DYN OF SOCIAL CHANGE,,,,,,,,,,,,,,,,,,,,
GS,F232,INTRODUCTORY PSYCHOLOGY,,,,,,,,,,,,,,,,,,,,
GS,F233,PUBLIC POLICY,,,,,,,,,,,,,,,,,,,,
GS,F234,DEVELOPMENT ECONOMICS,,,,,,,,,,,,,,,,,,,,
GS,F241,CREATIVE WRITING,,,,,,,,,,,,,,,,,,,,
GS,F242,CULTURAL STUDIES,,,,,,,,,,,,,,,,,,,,
GS,F243,CURRENT AFFAIRS,,,,,,,,,,,,,,,,,,,,
GS,F244,REPORT & WRITE FOR MEDIA,,,,,,,,,,,,,,,,,,,,
GS,F245,EFFECTIVE PUBLIC SPEAK,,,,,,,,,,,,,,,,,,,,
GS,F311,INTRO TO CONFLICT MGMT,,,,,,,,,,,,,,,,,,,,
GS,F312,APPLIED PHILOSOPHY,,,,,,,,,,,,,,,,,,,,
GS,F321,MASS MEDIA & CONTENT DES,,,,,,,,,,,,,,,,,,,,
GS,F322,CRITI ANAL OF LIT & CINE,,,,,,,,,,,,,,,,,,,,
GS,F325,JOURNALISM,,,,,,,,,,,,,,,,,,,,
GS,F326,CREATIVE THINKING,,,,,,,,,,,,,,,,,,,,
GS,F327,SELECTED READING,,,,,,,,,,,,,,,,,,,,
GS,F331,TECH IN SOCIAL RESEARCH,,,,,,,,,,,,,,,,,,,,
GS,F332,CONTEMPORARY INDIA,,,,,,,,,,,,,,,,,,,,
GS,F333,PUBLIC ADMINISTRATION,,,,,,,,,,,,,,,,,,,,
GS,F334,GLOBAL BUSINESS TEC & KS,,,,,,,,,,,,,,,,,,,,
GS,F341,COPYWRITING,,,,,,,,,,,,,,,,,,,,
GS,F342,COMPUTER MEDIATED COMM,,,,,,,,,,,,,,,,,,,,
GS,F343,SHORT FILM & VIDEO PROD,,,,,,,,,,,,,,,,,,,,
HIST,F112,MAIN TRENDS IN IND HIST,,,,,,,,,,,,,,,,,,,,
HIST,F211,MAIN CURRENTS OF MOD HIST,,,,,,,,,,,,,,,,,,,,
HSS,F224,PRINT & AUDIO- VISU ADVER,,,,,,,,,,,,,,,,,,,,
HSS,F226,POST MODERNISM,,,,,,,,,,,,,,,,,,,,
HSS,F227,CROSS CULTURAL SKILLS,,,,,,,,,,,,,,,,,,,,
HSS,F237,CONTEMPORARY INDAIN ENGLISH FICTION,,,,,,,,,,,,,,,,,,,,
HSS,F238,SPORTS AND SOCIETY,,,,,,,,,,,,,,,,,,,,
HSS,F312,BUREAUCRACY,,,,,,,,,,,,,,,,,,,,
HSS,F315,"SOCIETY, BUS, & POLITICS",,,,,,,,,,,,,,,,,,,,
HSS,F324,CREATIVE & CRITICAL THIN,,,,,,,,,,,,,,,,,,,,
HSS,F325,CINEMATIC ADAPTATION,,,,,,,,,,,,,,,,,,,,
HSS,F326,HUMANITIES & DESIGN,,,,,,,,,,,,,,,,,,,,
HSS,F327,CONTEMPORARY DRAMA,,,,,,,,,,,,,,,,,,,,
HSS,F341,COPY WRITING,,,,,,,,,,,,,,,,,,,,
HSS,F343,SHORT FILM & VIDEO PROD,,,,,,,,,,,,,,,,,,,,
HSS,F351,SOCIAL AND POLITICAL ECOLOGY,,,,,,,,,,,,,,,,,,,,
HSS,F352,"TECHNOLOGY, WORK AND SOCIETY",,,,,,,,,,,,,,,,,,,,
HSS,F353,PHILOSOPHY OF AESTHETICS,,,,,,,,,,,,,,,,,,,,
HSS,F354,INTRODUCTION TO ISLAMIC ECONOMY,,,,,,,,,,,,,,,,,,,,
HSS,F355,"DICTATORSHIP, DEMOCRACY & DEVELOPMENT",,,,,,,,,,,,,,,,,,,,
HSS,F356,SOCIAL MOVEMENTS AND PROTEST POLITICS,,,,,,,,,,,,,,,,,,,,
HSS,F399,INTRODUCTION TO AMERICAN LITERATURE,,,,,,,,,,,,,,,,,,,,
HUM,F411,PROFESSIONAL ETHICS,,,,,,,,,,,,,,,,,,,,
HUM,F412,HERITAGE OF INDIA,,,,,,,,,,,,,,,,,,,,
INSTR,F211,ELECTRICAL MACHINES,EEE,    F111,ELECTRICAL SCIENCES,PRE,,,,,,,,,,,,,,,,
INSTR,F212,ELECTROMAGNETIC THEO I,,,,,,,,,,,,,,,,,,,,
INSTR,F214,ELECTRONIC DEVICES,EEE,    F111,ELECTRICAL SCIENCES,PRE,,,,,,,,,,,,,,,,
INSTR,F215,DIGITAL DESIGN,,,,,,,,,,,,,,,,,,,,
INSTR,F241,MICROPROC & INTERFACING,,,,,,,,,,,,,,,,,,,,
INSTR,F242,CONTROL SYSTEMS,,,,,,,,,,,,,,,,,,,,
INSTR,F243,SIGNALS & SYSTEMS,,,,,,,,,,,,,,,,,,,,
INSTR,F244,MICROELECTRONIC CIRCUITS,,,,,,,,,,,,,,,,,,,,
INSTR,F311,ELECTRO INST & INST TECH,,,,,,,,,,,,,,,,,,,,
INSTR,F312,TRANSD & MEASUREMENT TEC,,,,,,,,,,,,,,,,,,,,
INSTR,F313,ANALOG & DIGIT VLSI DES,INSTR,    F244,MICROELECTRONIC CIRCUITS,PRE,,,,,,,,,,,,,,,,
INSTR,F341,ANALOG ELECTRONICS,INSTR,    F244,MICROELECTRONIC CIRCUITS,PRE,,,,,,,,,,,,,,,,
INSTR,F342,POWER ELECTRONICS,,,,,,,,,,,,,,,,,,,,
INSTR,F343,INDUS INSTRUMENT & CONT,,,,,,,,,,,,,,,,,,,,
INSTR,F411,OPTO ELECTRONIC INSTRU,,,,,,,,,,,,,,,,,,,,
INSTR,F412,ANALYSIS INSTRUMENTATION,EEE,    F111,ELECTRICAL SCIENCES,PRE,,,,,,,,,,,,,,,,
INSTR,F413,ADVANCE PROCESS CONTROL,INSTR,    F343,INDUS INSTRUMENT & CONT,PRE,,,,,,,,,,,,,,,,
INSTR,F414,TELECOM SWIT SYS & NETWK,INSTR,    F243,SIGNALS & SYSTEMS,PRE,,,,,,,,,,,,,,,,
INSTR,F415,DIGITAL CONTROL,INSTR,    F242,CONTROL SYSTEMS,PRE,,,,,,,,,,,,,,,,
INSTR,F419,VIRTUAL INSTRUMENTATION,,,,,,,,,,,,,,,,,,,,
INSTR,F420,DESIGN OF INSTRU SYSTEMS,,,,,,,,,,,,,,,,,,,,
INSTR,F422,INSTRU FOR PETROCHEM IND,,,,,,,,,,,,,,,,,,,,
INSTR,F432,MEDICAL INSTRUMENTATION,,,,,,,,,,,,,,,,,,,,
INSTR,F473,WIND ELECTRICAL SYSTEMS,,,,,,,,,,,,,,,,,,,,
IS,F211,DATA STRUCTURES & ALGO,IS,    F222,DISCR STRUC FOR COMP SCI,PRE,,,,,,,,,,,,,,,,
IS,F213,OBJECT ORIENTED PROG,CS,    F111,COMPUTER PROGRAMMING,PRE,,,,,,,,,,,,,,,,
IS,F214,LOGIC IN COMPUTER SC,,,,,,,,,,,,,,,,,,,,
IS,F222,DISCR STRUC FOR COMP SCI,,,,,,,,,,,,,,,,,,,,
IS,F241,DIGITAL ELECTRO & MICRO,EEE,    F111,ELECTRICAL SCIENCES,PRE,,,,,,,,,,,,,,,,
IS,F242,COMPUTER ORGANIZATION,IS,    F241,DIGITAL ELECTRO & MICRO,PRE,,,,,,,,,,,,,,,,
IS,F243,DATABASE SYSTEMS & APPL,,,,,,,,,,,,,,,,,,,,
IS,F301,PRINCIPLES OF PROGG LANG,IS,    F211,DATA STRUCTURES & ALGO,PRE,,,,,,,,,,,,,,,,
IS,F303,COMPUTER NETWORKS,IS,    F372,OPERATING SYSTEMS,PRE,,,,,,,,,,,,,,,,
IS,F311,COMPUTER GRAPHICS,,,,,,,,,,,,,,,,,,,,
IS,F322,SOFTWARE TESTING,IS,    F341,SOFTWARE ENGINEERING,PRE,,,,,,,,,,,,,,,,
IS,F341,SOFTWARE ENGINEERING,IS,    F213,OBJECT ORIENTED PROG,PRE,,,,,,,,,,,,,,,,
IS,F342,COMPILER DESIGN,IS,    F301,PRINCIPLES OF PROGG LANG,PRE,,,,,,,,,,,,,,,,
IS,F372,OPERATING SYSTEMS,,,,,,,,,,,,,,,,,,,,
IS,F462,NETWORK PROGRAMMING,,,,,,,,,,,,,,,,,,,,
MATH,F111,MATHEMATICS-I,,,,,,,,,,,,,,,,,,,,
MATH,F112,MATHEMATICS-II,,,,,,,,,,,,,,,,,,,,
MATH,F113,PROBABILITY & STATISTICS,,,,,,,,,,,,,,,,,,,,
MATH,F211,MATHEMATICS III,,,,,,,,,,,,,,,,,,,,
MATH,F212,OPTIMIZATION,MATH,    F111,MATHEMATICS-I,PRE,AND,MATH,    F112,MATHEMATICS-II,PRE,,,,,,,,,,,
MATH,F213,DISCRETE MATHEMATICS,,,,,,,,,,,,,,,,,,,,
MATH,F214,ELEMENTARY REAL ANALYSIS,,,,,,,,,,,,,,,,,,,,
MATH,F215,ALGEBRA I,,,,,,,,,,,,,,,,,,,,
MATH,F231,NUMBER THEORY,,,,,,,,,,,,,,,,,,,,
MATH,F241,MATHEMATICAL METHODS,,,,,,,,,,,,,,,,,,,,
MATH,F242,OPERATIONS RESEARCH,MATH,    F113,PROBABILITY & STATISTICS,PRE,,,,,,,,,,,,,,,,
MATH,F243,GRAPHS AND NETWORKS,,,,,,,,,,,,,,,,,,,,
MATH,F244,MEASURE & INTEGRATION,MATH,    F214,ELEMENTARY REAL ANALYSIS,PRE,,,,,,,,,,,,,,,,
MATH,F311,INTRODUCTION TO TOPOLOGY,,,,,,,,,,,,,,,,,,,,
MATH,F312,ORDINARY DIFF EQUATIONS,MATH,    F211,MATHEMATICS III,PRE,,,,,,,,,,,,,,,,
MATH,F313,NUMERICAL ANALYSIS,MATH,    F111,MATHEMATICS-I,PRE,AND,MATH,    F112,MATHEMATICS-II,PRE,,,,,,,,,,,
MATH,F314,ALGEBRA-II,MATH,    F215,ALGEBRA I,PRE,,,,,,,,,,,,,,,,
MATH,F341,INTRO TO FUNCTIONAL ANAL,MATH,    F214,ELEMENTARY REAL ANALYSIS,PRE,,,,,,,,,,,,,,,,
MATH,F342,DIFFERENTIAL GEOMETRY,MATH,    F214,ELEMENTARY REAL ANALYSIS,PRE,,,,,,,,,,,,,,,,
MATH,F343,PARTIAL DIFF EQUATIONS,MATH,    F211,MATHEMATICS III,PRE,,,,,,,,,,,,,,,,
MATH,F344,MATHEMATICAL FLUID DYNAMICS,MATH,F111,MATH-I,PRE,AND,MATH ,F112,MATH-II,PRE,AND,MATH,F211,MATH-III,PRE,,,,,,
MATH,F353,STATISTICAL INFER & APP,MATH,    F113,PROBABILITY & STATISTICS,PRE,,,,,,,,,,,,,,,,
MATH,F354,COMPLEX ANALYSIS,MATH,    F112,MATHEMATICS-II,PRE,,,,,,,,,,,,,,,,
MATH,F378,ADVANCED PROBABILITY THEORY,MATH,F113,PROBABILITY AND STATISTICS,PRE,AND,MATH,F244,MEASURE AND INTEGRATION,PRE,,,,,,,,,,,
MATH,F421,COMBINATORIAL MATHS,,,,,,,,,,,,,,,,,,,,
MATH,F431,DISTRIBUTION THEORY,,,,,,,,,,,,,,,,,,,,
MATH,F441,DISCRETE MATHS STRUC,,,,,,,,,,,,,,,,,,,,
MATH,F444,NUMERICAL SOLS OF ODE,MATH,F211,MATHEMATICS III,PRE,AND,MATH,F313,,,,,,,,,,,,,
MATH,F420,MATHEMATICAL MODELLING,MATH,F211,MATHEMATICS III,PRE,,,,,,,,,,,,,,,,
MATH,F422,NUMERICAL METHODOLOGY FOR PARTIAL DIFFERENTIAL EQUATIONS,MATH,F211,MATHEMATICS-III,PRE,AND,MATH,F313,NUMERICAL ANALYSIS,PRE,,,,,,,,,,,
MATH,F423,INTRODUCTION TO ALGEBRAIC TOPOLOGY,MATH,F215,ALGEBRA I,PRE,AND,MATH,F311,INTRODUCTION TO TOPOLOGY,,,,,,,,,,,,
MATH,F424,APPLIED STOCHASTIC PROCESS,MATH,F113,PROBABILITY AND STATISTICS,PRE,,,,,,,,,,,,,,,,
MATH,F444,NUMERICAL SOLUTIONS OF ORDINARY DIFFERENTIAL EQUATIONS,MATH,F211,MATHEMATICS-III,PRE,AND,MATH,F313,NUMERICAL ANALYSIS,PRE,,,,,,,,,,,
MATH,F456,COSMOLOGY,,,,,,,,,,,,,,,,,,,,
MATH,F471,NONLINEAR OPTIMIZATION,,,,,,,,,,,,,,,,,,,,
MATH,F492,WEVELET ANALYSIS AND APPLICATIONS,MATH,F211,MATHEMATICS-III,,,,,,,,,,,,,,,,,
MBA,G553,ORGANIZATIONAL CHANGE AND DEVELOPMENT,,,,,,,,,,,,,,,,,,,,
MBA,G554,INNOVATIVE LEADERSHIP,,,,,,,,,,,,,,,,,,,,
MBA,G555,INTERNATIONAL HUMAN RESOURCE MANAGEMENT,,,,,,,,,,,,,,,,,,,,
MBA,G556,PERFORMANCE MANAGEMENT,,,,,,,,,,,,,,,,,,,,
ME,F110,WORKSHOP PRACTICE,,,,,,,,,,,,,,,,,,,,
ME,F211,MECHANICS OF SOLIDS,,,,,,,,,,,,,,,,,,,,
ME,F212,FLUID MECHANICS,,,,,,,,,,,,,,,,,,,,
ME,F213,MATERIALS SCIENCE & ENGG,,,,,,,,,,,,,,,,,,,,
ME,F214,APPLIED THERMODYNAMICS,BITS,    F111,THERMODYNAMICS,PRE,,,,,,,,,,,,,,,,
ME,F215,MECHANICAL ENGG LAB,,,,,,,,,,,,,,,,,,,,
ME,F241,MACHINE DESIGN & DRAWING,BITS,    F110,ENGINEERING GRAPHICS,PRE,,,,,,,,,,,,,,,,
ME,F242,IC ENGINES,BITS,    F111,THERMODYNAMICS,PRE,,,,,,,,,,,,,,,,
ME,F243,PRODUCTION TECHNIQUES I,ME,    F110,WORKSHOP PRACTICE,PRE,,,,,,,,,,,,,,,,
ME,F244,KIN & DYN OF  MACHINES,,,,,,,,,,,,,,,,,,,,
ME,F311,HEAT TRANSFER,ME,    F212,FLUID MECHANICS,PRE,,,,,,,,,,,,,,,,
ME,F312,ADV MECHANICS OF SOLIDS,ME,    F211,MECHANICS OF SOLIDS,PRE,,,,,,,,,,,,,,,,
ME,F313,PRODUCTION TECHNIQUES II,ME,    F110,WORKSHOP PRACTICE,PRE,,,,,,,,,,,,,,,,
ME,F341,PRIMEMOVERS & FLUID MACH,ME,    F212,FLUID MECHANICS,PRE,AND,ME,    F214,APPLIED THERMODYNAMICS,PRE,,,,,,,,,,,
ME,F342,COMPUTER AIDED DESIGN,,,,,,,,,,,,,,,,,,,,
ME,F343,MECHANICAL VIBRATIONS,,,,,,,,,,,,,,,,,,,,
ME,F344,ENGINEERING OPTIMIZATION,,,,,,,,,,,,,,,,,,,,
ME,F411,FLUID POWER SYSTEMS,,,,,,,,,,,,,,,,,,,,
ME,F413,NONLINEAR VIBRATIONS,,,,,,,,,,,,,,,,,,,,
ME,F415,GAS DYNAMICS,,,,,,,,,,,,,,,,,,,,
ME,F416,REV ENG & RAPID PROTOTYP,,,,,,,,,,,,,,,,,,,,
ME,F417,ADVANCED METAL FORMING,,,,,,,,,,,,,,,,,,,,
ME,F418,ROCKET & SPACECRAFT PROP,,,,,,,,,,,,,,,,,,,,
ME,F419,TOTAL PRODUCT INTEG ENGG,,,,,,,,,,,,,,,,,,,,
ME,F420,POWER PLANT ENGINEERING,,,,,,,,,,,,,,,,,,,,
ME,F432,COMPUTER AIDED MANUFACT,,,,,,,,,,,,,,,,,,,,
ME,F441,AUTOMOTIVE VEHICLES,,,,,,,,,,,,,,,,,,,,
ME,F443,QUALI CONTRO ASSUR & REL,,,,,,,,,,,,,,,,,,,,
ME,F451,MECHANICAL EQUIPMENT DES,,,,,,,,,,,,,,,,,,,,
ME,F452,COMPOSITE MATERL &  DESIGN,,,,,,,,,,,,,,,,,,,,
ME,F461,REFRIGERATION & AIRCOND,,,,,,,,,,,,,,,,,,,,
ME,F472,PRECISION ENGINEERING,,,,,,,,,,,,,,,,,,,,
ME,F481,PROJECT APPRAISAL,,,,,,,,,,,,,,,,,,,,
ME,F482,COMBUSTION,,,,,,,,,,,,,,,,,,,,
ME,F483,WIND ENERGY,,,,,,,,,,,,,,,,,,,,
ME,F484,AUTOMOTIVE TECHNOLOGY,,,,,,,,,,,,,,,,,,,,
ME,F485,NUMERICAL TECHNIQUES FOR FLUID FLOW AND HEAT TRANSFER,,,,,,,,,,,,,,,,,,,,
ME,F491,SPECIAL PROJECTS,,,,,,,,,,,,,,,,,,,,
ME,G612,PLASTIC ENGINEERING,,,,,,,,,,,,,,,,,,,,
MF,F211,MECHANICS OF SOLIDS,,,,,,,,,,,,,,,,,,,,
MF,F212,FLUID MECHANICS,,,,,,,,,,,,,,,,,,,,
MF,F213,MATERIALS SCIENCE & ENGG,,,,,,,,,,,,,,,,,,,,
MF,F214,APPLIED THERMODYNAMICS,BITS,    F111,THERMODYNAMICS,PRE,,,,,,,,,,,,,,,,
MF,F215,MECHANICAL ENGG LAB,,,,,,,,,,,,,,,,,,,,
MF,F241,MACHINE DESIGN & DRAWING,BITS,    F110,ENGINEERING GRAPHICS,PRE,,,,,,,,,,,,,,,,
MF,F242,MANUFACTURING MANAGEMENT,,,,,,,,,,,,,,,,,,,,
MF,F243,MANUFACTURING PROCESSES,ME,    F110,WORKSHOP PRACTICE,PRE,,,,,,,,,,,,,,,,
MF,F244,KIN & DYN OF  MACHINES,,,,,,,,,,,,,,,,,,,,
MF,F311,MECHATRONICS & AUTOMAT,,,,,,,,,,,,,,,,,,,,
MF,F312,TOOL & FIXTURE DESIGN,ME,    F110,WORKSHOP PRACTICE,PRE,,,,,,,,,,,,,,,,
MF,F313,METAL FORMING & MACHINE,ME,    F110,WORKSHOP PRACTICE,PRE,,,,,,,,,,,,,,,,
MF,F341,DESIGN OF MACHINE TOOLS,,,,,,,,,,,,,,,,,,,,
MF,F342,COMPUTER AIDED DESIGN,,,,,,,,,,,,,,,,,,,,
MF,F343,CASTING & WELDING,,,,,,,,,,,,,,,,,,,,
MF,F344,ENGINEERING OPTIMIZATION,,,,,,,,,,,,,,,,,,,,
MF,F411,FLUID POWER SYSTEMS,,,,,,,,,,,,,,,,,,,,
MF,F412,AUTOMOTIVE SYSTEMS,,,,,,,,,,,,,,,,,,,,
MF,F413,MECH VIBRAT & ACOUSTICS,,,,,,,,,,,,,,,,,,,,
MF,F414,MANUFACTURING EXCELLENCE,,,,,,,,,,,,,,,,,,,,
MF,F418,LEAN MANUFACTURING,,,,,,,,,,,,,,,,,,,,
MF,F421,SUPPLY CHAIN MANAGEMENT,,,,,,,,,,,,,,,,,,,,
MF,F442,ADV IN MATERIALS SCIENCE,,,,,,,,,,,,,,,,,,,,
MF,F453,INDUSTRIAL RELATIONS,,,,,,,,,,,,,,,,,,,,
MF,F463,MAINTENANCE & SAFETY,,,,,,,,,,,,,,,,,,,,
MF,F471,INSTRU & CONTROL,,,,,,,,,,,,,,,,,,,,
MF,F472,PRECISION ENGINEERING,,,,,,,,,,,,,,,,,,,,
MF,F473,PRODUCT DESIGN & DEVELOP,,,,,,,,,,,,,,,,,,,,
MF,F474,PRODUCT DES & DEV PROJ,,,,,,,,,,,,,,,,,,,,
MF,F491,SPECIAL PROJECTS,,,,,,,,,,,,,,,,,,,,
MGTS,F211,PRINCIPLES OF MANAGEMENT,,,,,,,,,,,,,,,,,,,,
MST,F331,MATERIALS CHARACTERIZATION,,,,,,,,,,,,,,,,,,,,
MST,F332,MATERIALS PROCESSING ,,,,,,,,,,,,,,,,,,,,
MST,F333,INTRODUCTION TO BIOMATERIALS,,,,,,,,,,,,,,,,,,,,
MST,F334,MATERIALS FOR CATALYTIC APPLICATIONS,,,,,,,,,,,,,,,,,,,,
MST,F335,COATING AND THIN FILM TECHNOLOGY,,,,,,,,,,,,,,,,,,,,
MST,F336,GLASS TECHNOLOGY,,,,,,,,,,,,,,,,,,,,
MST,F337,MATERIALS FOR ENERGY APPLICATIONS,,,,,,,,,,,,,,,,,,,,
MST,F338,METALS AND ALLOYS,,,,,,,,,,,,,,,,,,,,
MST,F339,POLYMER MATERIALS,,,,,,,,,,,,,,,,,,,,
PHA,F211,PHARMACEUTICAL ANALYSIS,,,,,,,,,,,,,,,,,,,,
PHA,F212,DISPENSING PHARMACY,,,,,,,,,,,,,,,,,,,,
PHA,F213,MICROBIOLOGY,,,,,,,,,,,,,,,,,,,,
PHA,F214,ANATOMY PHYSIO & HYGIENE,,,,,,,,,,,,,,,,,,,,
PHA,F215,INTRODUCTION TO MOLECULAR BIOLOGY & IMMUNOLOGY,,,,,,,,,,,,,,,,,,,,
PHA,F241,PHARMACEUTICAL CHEMISTRY,,,,,,,,,,,,,,,,,,,,
PHA,F242,BIOLOGICAL CHEMISTRY,,,,,,,,,,,,,,,,,,,,
PHA,F243,INDUSTRIAL PHARMACY,,,,,,,,,,,,,,,,,,,,
PHA,F244,PHYSICAL PHARMACY,,,,,,,,,,,,,,,,,,,,
PHA,F311,PHARMACOLOGY I,PHA,    F214,ANATOMY PHYSIO & HYGIENE,PRE,,,,,,,,,,,,,,,,
PHA,F312,MEDICINAL CHEMISTRY I,,,,,,,,,,,,,,,,,,,,
PHA,F313,INSTRU METHODS OF ANAL,,,,,,,,,,,,,,,,,,,,
PHA,F314,PHARMA FORMUL & BIOPHARM,,,,,,,,,,,,,,,,,,,,
PHA,F341,PHARMACOLOGY II,PHA,    F311,PHARMACOLOGY I,PRE,,,,,,,,,,,,,,,,
PHA,F342,MEDICINAL CHEMISTRY II,PHA,    F312,MEDICINAL CHEMISTRY I,PRE,,,,,,,,,,,,,,,,
PHA,F343,FORENSIC PHARMACY,,,,,,,,,,,,,,,,,,,,
PHA,F344,NATURAL DRUGS,,,,,,,,,,,,,,,,,,,,
PHA,F413,PHARMA MANG & QUAL CONTR,,,,,,,,,,,,,,,,,,,,
PHA,F414,BIOPHARMACEUTICS,PHA,    F314,PHARMA FORMUL & BIOPHARM,PRE,,,,,,,,,,,,,,,,
PHA,F415,PATHOPHYSIOLOGY,PHA,    F214,ANATOMY PHYSIO & HYGIENE,PRE,AND,PHA,    F242,BIOLOGICAL CHEMISTRY,PRE,,,,,,,,,,,
PHA,F416,CHEM OF SYNTHETIC DRUGS,PHA,    F241,PHARMACEUTICAL CHEMISTRY,PRE,,,,,,,,,,,,,,,,
PHA,F417,PHARMACOECONOMICS,,,,,,,,,,,,,,,,,,,,
PHA,F422,COSMETIC SCIENCE,,,,,,,,,,,,,,,,,,,,
PHA,F432,HOSPITAL PHARMACY,,,,,,,,,,,,,,,,,,,,
PHA,F441,BIOCHEMICAL ENGINEERING,PHA,F242,BIOLOGICAL CHEMISTRY,PRE,,,,,,,,,,,,,,,,
PHA,F442,APPLIED PHARMA CHEMISTRY,PHA,    F241,PHARMACEUTICAL CHEMISTRY,PRE,,,,,,,,,,,,,,,,
PHA,F461,PHYTOCHEMISTRY,PHA,    F344,NATURAL DRUGS,PRE,,,,,,,,,,,,,,,,
PHIL,F211,INTRODUCTORY PHILOSOPHY,,,,,,,,,,,,,,,,,,,,
PHIL,F221,SYMBOLIC LOGIC,,,,,,,,,,,,,,,,,,,,
PHY,F110,PHYSICS LABORATORY,,,,,,,,,,,,,,,,,,,,
PHY,F111,MECH OSCIL & WAVES,,,,,,,,,,,,,,,,,,,,
PHY,F112,GENERAL PHYSICS,,,,,,,,,,,,,,,,,,,,
PHY,F211,CLASSICAL MECHANICS,PHY,    F111,MECH OSCIL & WAVES,PRE,,,,,,,,,,,,,,,,
PHY,F212,ELECTROMAGNETIC THEO I,PHY,    F111,MECH OSCIL & WAVES,PRE,,,,,,,,,,,,,,,,
PHY,F213,OPTICS,PHY,    F111,MECH OSCIL & WAVES,PRE,,,,,,,,,,,,,,,,
PHY,F214,ELEC MAGNET & OPTICS LAB,,,,,,,,,,,,,,,,,,,,
PHY,F215,INTRO TO ASTRO & ASTROPH,PHY,    F111,MECH OSCIL & WAVES,PRE,,,,,,,,,,,,,,,,
PHY,F241,ELECTROMAGNETIC THEO II,PHY,    F212,ELECTROMAGNETIC THEO I,PRE,,,,,,,,,,,,,,,,
PHY,F242,QUANTUM MECHANICS I,PHY,    F111,MECH OSCIL & WAVES,PRE,,,,,,,,,,,,,,,,
PHY,F243,MATH METHODS OF  PHYSICS,MATH,    F111,MATHEMATICS-I,PRE,AND,MATH,    F112,MATHEMATICS-II,PRE,AND,MATH,    F211,MATHEMATICS III,PRE,,,,,,
PHY,F244,MODERN PHYSICS LAB,,,,,,,,,,,,,,,,,,,,
PHY,F311,QUANTUM MECHANICS II,PHY,    F242,QUANTUM MECHANICS I,PRE,,,,,,,,,,,,,,,,
PHY,F312,STATISTICAL MECHANICS,PHY,    F242,QUANTUM MECHANICS I,PRE,,,,,,,,,,,,,,,,
PHY,F313,COMPUTATIONAL PHYSICS,MATH,    F111,MATHEMATICS-I,PRE,AND,MATH,    F112,MATHEMATICS-II,PRE,AND,MATH,    F211,MATHEMATICS III,PRE,,,,,,
PHY,F315,THEORY OF RELATIVITY,PHY,    F111,MECH OSCIL & WAVES,PRE,,,,,,,,,,,,,,,,
PHY,F316,MUSICAL ACOUSTICS,PHY,F111,MECHANICS OSCILLATIONS AND WAVES,PRE,,,,,,,,,,,,,,,,
PHY,F341,SOLID STATE PHYSICS,PHY,    F312,STATISTICAL MECHANICS,PRE,,,,,,,,,,,,,,,,
PHY,F342,ATOMIC & MOLECULAR PHY,PHY,    F242,QUANTUM MECHANICS I,PRE,AND,PHY,    F311,QUANTUM MECHANICS II,PRE,,,,,,,,,,,
PHY,F343,NUCLEAR & PARTICLE PHY,PHY,    F242,QUANTUM MECHANICS I,PRE,AND,PHY,    F311,QUANTUM MECHANICS II,PRE,AND,PHY,    F212,ELECTROMAGNETIC THEO I,PRE,,,,,,
PHY,F344,ADVANCED PHYSICS LAB,,,,,,,,,,,,,,,,,,,,
PHY,F345,QUANTUM MECHANICS FOR ENGINEERS,PHY,F111,"MECHANICS, OSCILLATIONS AND WAVES",PRE,AND,MATH,F111,MATHEMATICS-I,PRE,AND,MATH,F112,MATHEMATICS-II,PRE,AND,MATH,F211,MATHEMATICS-III,,
PHY,F378,PLASMA PHYSICS AND ITS APPLICATIONS,PHY,F212,ELECTROMAGNETIC THEORY-I,PRE,OR,EEE,F212,ELECTROMAGNETIC THEORY,PRE,OR,INSTR ,F212,ELECTROMAGNETIC THEORY,PRE,OR,ECE,F212,ELECTROMAGNETIC THEORY,,
PHY,F412,INTRO TO QUAN FIELD THEO,PHY,    F211,CLASSICAL MECHANICS,PRE,AND,PHY,    F242,QUANTUM MECHANICS I,PRE,AND,PHY,    F311,QUANTUM MECHANICS II,PRE,,,,,,
PHY,F413,PARTICLE PHYSICS,PHY,    F242,QUANTUM MECHANICS I,PRE,,PHY,    F311,QUANTUM MECHANICS II,PRE,,,,,,,,,,,
PHY,F414,PHYSICS OF ADV MATERIALS,,,,,,,,,,,,,,,,,,,,
PHY,F415,GEN THEO OF REL & COSMO,MATH,    F211,MATHEMATICS III,PRE,AND(,PHY,    F315,THEORY OF RELATIVITY,PRE,OR,PHY,    F241,ELECTROMAGNETIC THEO II,PRE,),,,,,
PHY,F416,SOFT CONDEN MATTER PHY,,,,,,,,,,,,,,,,,,,,
PHY,F417,EXPT METHODS OF  PHYSICS,,,,,,,,,,,,,,,,,,,,
PHY,F418,LASERS AND APPLICATIONS,PHY,    F242,QUANTUM MECHANICS I,PRE,AND,PHY,    F212,ELECTROMAGNETIC THEO I,PRE,,,,,,,,,,,
PHY,F419,ADV SOLID STATE PHYSICS,PHY,    F311,QUANTUM MECHANICS II,PRE,AND,PHY,    F341,SOLID STATE PHYSICS,PRE,,,,,,,,,,,
PHY,F420,QUANTUM OPTICS,PHY,    F242,QUANTUM MECHANICS I,PRE,AND,PHY,    F311,QUANTUM MECHANICS II,PRE,,,,,,,,,,,
PHY,F421,ADV QUANTUM MECHANICS,PHY,    F311,QUANTUM MECHANICS II,PRE,AND,PHY,    F241,ELECTROMAGNETIC THEO II,PRE,,,,,,,,,,,
PHY,F422,GROUP THEORY & APPLI,MATH,F112,MATHEMATICS-II,PRE,,,,,,,,,,,,,,,,
PHY,F423,SPECIAL TOP IN STAT MECH,PHY,    F312,STATISTICAL MECHANICS,PRE,,,,,,,,,,,,,,,,
PHY,F424,ADVANCED ELECTRODYNAMICS,PHY,    F243,MATH METHODS OF  PHYSICS,PRE,,,,,,,,,,,,,,,,
PHY,F425,ADV MATH METHODS OF PHY,PHY,    F243,MATH METHODS OF  PHYSICS,PRE,,,,,,,,,,,,,,,,
PHY,F426,PHY OF SEMICONDUCTOR DEV,,,,,,,,,,,,,,,,,,,,
PHY,F427,ATMOSPHERIC PHYSICS,PHY,    F111,MECH OSCIL & WAVES,PRE,,,,,,,,,,,,,,,,
PHY,G512,ADVANCED QUANTUM FIELD THEORY,PHY,F412,INTRODUCTION TO QUANTUM FIELD THEORY,PRE,,,,,,,,,,,,,,,,
POL,F311,GANDHIAN THOUGHTS,,,,,,,,,,,,,,,,,,,,
POL,F321,INTERNATIONAL RELATIONS,,,,,,,,,,,,,,,,,,,,
MBA,G538,MARKETING MODELS,MBA,G518,MARKETING,,,,,,,,,,,,,,,,,
CS,F402,COMPUTATIONAL GEOMETRY,CS,F111,COMPUTER PROGRAMMING,,,CS,F211,DATA STRUCTURE AND ALGORITHMS,,,,,,,,,,,,
FIN,F414,FINANCIAL RISK ANALATICS AND MANAGEMENT,FIN,F311,DERIVATIVES AND RISK MANAGEMENT,,,ECON ,F354,DERIVATIVES AND RISK MANAGEMENT,,,,,,,,,,,,
BIO,F217,"LABORATORY FOR WATER, SANITATION AND SOLID WASTE MANAGEMENT",BITS,F216,"WATER, SANITATION AND SOLID WASTE MANAGEMENT",,,,,,,,,,,,,,,,,
CS,F320,FOUNDATIONS OF DATA SCIENCE,MATH,F113,PROBABILITY AND STATISTICS,,,,,,,,,,,,,,,,,
EEE,G641,APPLIED ESTIMATION THEORY,EEE,F311,COMMUNICATION SYSTEMS,,,ECE,F311,COMMUNICATION SYSTEMS,,,,,,,,,,,,
MATH,F432,APPLIED STATISTICAL METHODS,MATH,F113,PROBABILITY AND STATISTICS,,,,,,,,,,,,,,,,,
PHY,F431,GEOMETRICAL METHODS IN PHYSICS,PHY,F243,MATHEMATICAL METHODS OF PHYSICS,,,MATH,F241,MATHEMATICAL METHODS,,,,,,,,,,,,
PHY,F432,CLASSICAL THEORY OF FIELDS: A SYMMETRY PERSPECTIVE,PHY,F311,QUANTUM MECHANICS II,,,,,,,,,,,,,,,,,
CHEM,F320,INTRODUCTORY COMPUTATIONAL CHEMISTRY LABORATORY,CHEM,F244,PHYSICAL CHEMISTRY III,,,,,,,,,,,,,,,,,
ME,F414,FUEL CELL SCIENCE AND TECHNOLOGY,BITS,F111,THERMODYNAMICS,,,,,,,,,,,,,,,,,
CE,F325,FUNDAMENTALS OF ROCK MECHANICS,CE,F243,SOIL MECHANICS,,,,,,,,,,,,,,,,,
CHE,F423,MEMBRANE SCIENCE AND ENGINEERING,CHE,F313,SEPARATION PROCESSES II,,,,,,,,,,,,,,,,,
CHE,F424,RHEOLOGY OF COMPLEX FLUIDS,CHE,F212,FLUID MECHANICS,,,,,,,,,,,,,,,,,
BITS,F323,VENTURE FINANCE,ECON,F212,FUNDAMENTALS OF FINANCE & ACCOUNTING,,,,,,,,,,,,,,,,,
PHY,F317,INTRODUCTION TO RADIO ASTRONOMY,MATH,F211,MATHEMATICS-III,,and,PHY,F212,ELECTROMAGNETIC THEORY I,,or,EEE/INSTR/ECE,F212,ELECTROMAGNETIC THEORY,,,,,,,
PHY,F428,QUANTUM INFORMATION THEORY,BITS,F386,INTRODUCTION TO QUANTUM INFORMATION AND COMPUTATION,,and,PHY,F242,QUANTUM MECHANICS 1,,,,,,,,,,,,
CE,G564,STRUCTURAL HEALTH ASSESSMENT AND REHABILITATION,CE,F311,DESIGN OF CONCRETE STRUCTURES,,and,CE,F343,DESIGN OF STEEL STRUCTURES,,,,,,,,,,,,
MBA,G578,GAME THEORY AND BUSINESS STRATEGY,MBA,G513,QUANTITATIVE METHODS,,,,,,,,,,,,,,,,,
EEE,F436,Electromagnetic Compatibility,EEE/INSTR/ECE/PHY ,F212,ELECTROMAGNETIC THEORY,,,,,,,,,,,,,,,,,
MATH,F481,COMMUTATIVE ALGEBRA,MATH,F215,ALGEBRA-I,,,,,,,,,,,,,,,,,FROM MATH F314 TO MATH F215
AN,F311,Principles of Aerodynamics,CE,F231,FLUID MECHANICS,Pre,OR,CHE,F212,FLUID MECHANICS,Pre,OR,ME,F212,FLUID MECHANICS,Pre,OR,MF,F218,Transport Phenomena in Manufacturing,Pre,
AN,F312,Aircraft Propulsion,CE,F231,FLUID MECHANICS,Pre,OR,CHE,F212,FLUID MECHANICS,Pre,OR,ME,F212,FLUID MECHANICS,Pre,OR,MF,F218,Transport Phenomena in Manufacturing,Pre,
AN,F315,Aircraft Structures,ME,F211,Mechanics of Solids,Pre,OR,CE,F211,Mechanics of Solids,Pre,,,,,,,,,,,
CS,F316,Quantum Architecture and Programming,CS,F215,Digital Design,Pre,,,,,,,,,,,,,,,,
CS,F426,Graph Mining,CS,F211,Data Structure and Algorithms,Pre,,,,,,,,,,,,,,,,
CS,F427,Performance Analysis of Computer Networks,CS,F303,Computer Networks,Pre,,,,,,,,,,,,,,,,
EEE,F419,Flexible and Stretchable Electronics,EEE,F214,Electronic Devices,Pre,OR,INSTR,F214,Electronic Devices,Pre,OR,ECE,F214,Electronic Devices,Pre,,,,,,
EEE,F420,Biomedical Signal Processing,EEE,F434,Digital Signal Processing,Pre,OR,ECE,F434,Digital Signal Processing,Pre,,,,,,,,,,,
PHY,F346,Laser Science and Technology,PHY,F212,Electromagnetic Theory I,Pre,OR,EEE,F212,Electromagnetic Theory,Pre,OR,INSTR,F212,Electromagnetic Theory,Pre,OR,ECE,F212,Electromagnetic Theory,Pre,
CS,G518,Internet of Things: Design and Development,CS,F303,Computer Networks,Co,OR,EEE,F414,Telecommunication Switching Systems and Networks,Co,OR,ECE,F414,Telecommunication Switching Systems and Networks,Co,OR,EEE,F346,Data Communication Networks,Co,
CHE,F341,CHEMICAL ENGG LAB II,CHE,    F311,KINETICS & REACTOR DESIG,CO,AND,CHE,    F342,PROCESS DYN & CONTROL,CO,AND,CHE,    F313,SEPARATION PROCESSES II,CO,,,,,,
BIO,F311,RECOMBINANT DNA TECH,BIO,    F211,BIOLOGICAL CHEMISTRY,PRE,OR,PHA,F242,BIOLOGICAL CHEMISTRY,Pre,AND,BIO,    F243,GENETICS,PRE,,,,,,
BIO,F421,ENZYMOLOGY,BIO,    F211,BIOLOGICAL CHEMISTRY,PRE,OR,PHA,F242,BIOLOGICAL CHEMISTRY,Pre,,,,,,,,,,,
BIO,F417,BIOMOLECULAR MODELING,BIO,    F211,BIOLOGICAL CHEMISTRY,PRE,OR,PHA,F242,BIOLOGICAL CHEMISTRY,Pre,,,,,,,,,,,
ECE,F216,Electronic Devices Simulation Laboratory,EEE,F214,ELECTRONIC DEVICES,PRE,OR,INSTR,F214,ELECTRONIC DEVICES,Pre,OR,ECE,F214,ELECTRONIC DEVICES,PRE,,,,,,
ECE,F423,Electronic Material Design and Simulations Laboratory,EEE,F214,ELECTRONIC DEVICES,PRE,OR,INSTR,F214,ELECTRONIC DEVICES,Pre,OR,ECE,F214,ELECTRONIC DEVICES,PRE,,,,,,
ECE,F424,Smart Grid for Sustainable Energy,EEE,F242,CONTROL SYSTEMS,PRE,OR,INSTR,F242,CONTROL SYSTEMS,Pre,OR,ECE,F242,CONTROL SYSTEMS,PRE,,,,,,
EEE,F216,Electronic Devices Simulation Laboratory,EEE,F214,ELECTRONIC DEVICES,PRE,OR,INSTR,F214,ELECTRONIC DEVICES,Pre,OR,ECE,F214,ELECTRONIC DEVICES,PRE,,,,,,
EEE,F423,Electronic Material Design and Simulations Laboratory,EEE,F214,ELECTRONIC DEVICES,PRE,OR,INSTR,F214,ELECTRONIC DEVICES,Pre,OR,ECE,F214,ELECTRONIC DEVICES,PRE,,,,,,
EEE,F424,Smart Grid for Sustainable Energy,EEE,F242,CONTROL SYSTEMS,PRE,OR,INSTR,F242,CONTROL SYSTEMS,Pre,OR,ECE,F242,CONTROL SYSTEMS,PRE,,,,,,
EEE,F430,Green Communications and Networks,EEE,F311,COMMUNICATION SYSTEMS,PRE,,,,,,,,,,,,,,,,
INSTR,F216,Electronic Devices Simulation Laboratory,EEE,F214,ELECTRONIC DEVICES,PRE,OR,INSTR,F214,ELECTRONIC DEVICES,Pre,OR,ECE,F214,ELECTRONIC DEVICES,PRE,,,,,,
INSTR,F423,Electronic Material Design and Simulations Laboratory,EEE,F214,ELECTRONIC DEVICES,PRE,OR,INSTR,F214,ELECTRONIC DEVICES,Pre,OR,ECE,F214,ELECTRONIC DEVICES,PRE,,,,,,
INSTR,F424,Smart Grid for Sustainable Energy,EEE,F242,CONTROL SYSTEMS,PRE,OR,INSTR,F242,CONTROL SYSTEMS,Pre,OR,ECE,F242,CONTROL SYSTEMS,PRE,,,,,,
PHA,F315,Pharmaceutical Formulations II,PHA,F216,Pharmaceutical Formulations I,PRE,,,,,,,,,,,,,,,,
PHA,F317,Safety Pharmacology and Toxicology,PHA,F311,PHARMACOLOGY I,PRE,,,,,,,,,,,,,,,,
PHA,F419,Herbal Drug Technology  ,PHA,F344,NATURAL DRUGS,PRE,,,,,,,,,,,,,,,,
BITS,F429,NANOTECHNOGY FOR RENEWABLE ENERGY AND ENVIRONMENT,BITS / CHE / ME / MF,F201 / F243 / F213 / F213,MATERIAL SCIENCE & ENGINEERING,PRE,OR,CHEM,F333,CHEMISTRY OF MATERIALS,PRE,OR,PHY,F414,PHYSICS OF ADVANCED MATRIALS,PRE,,,,,,
EEE,G614,Advanced Wireless Communications,EEE,F311,COMMUNICATION SYSTEMS,PRE,,,,,,,,,,,,,,,,
EEE,G514,Nanoelectronic Memories and Technology,EEE,F214,ELECTRONIC DEVICES,PRE,OR,EEE,F313,ANALOG AND DIGITAL VLSI DESIGN,PRE,OR,MEL,G621,VLSI DESIGN,PRE,OR,MEL,G631,PHYSICS AND MODELLING OF MICROELECTRONIC DEVICES,PRE,
MEL,G514,Nanoelectronic Memories and Technology,EEE,F214,ELECTRONIC DEVICES,PRE,OR,EEE,F313,ANALOG AND DIGITAL VLSI DESIGN,PRE,OR,MEL,G621,VLSI DESIGN,PRE,OR,MEL,G631,PHYSICS AND MODELLING OF MICROELECTRONIC DEVICES,PRE,
CS,F430,Approximation Algorithms,CS,F364,DESIGN & ANAL OF ALGO,PRE,,,,,,,,,,,,,,,,
CS,F431,Combinatorial Optimization,CS,F211,DATA STRUCTURES & ALGO,PRE,,,,,,,,,,,,,,,,
MATH,F425,Numerical Linear Algebra,MATH,F112,MATHEMATICS-II,PRE,,,,,,,,,,,,,,,,
ME,G613,Advanced Finite Element Modelling & Analysis,CE,F435,INTRODUCTION TO FEM,PRE,OR,CE,G619,FINITE ELEMENT ANALYSIS,PRE,OR,ME,G512,FINITE ELEMENT METHOD,PRE,,,,,,
MPBA,G537,Data Structures and Algorithmic Thinking,MPBA,G507,Programming For Analytics,PRE,,,,,,,,,,,,,,,,
CE,G576,Advanced Computational Modelling,CE,F435,INTRODUCTION TO FEM,PRE,OR,CE,G619,FINITE ELEMENT ANALYSIS,PRE,OR,ME,G512,FINITE ELEMENT METHOD,PRE,,,,,,
ECON,F419,Advanced Microeconomics,ECON,F242,MICROECONOMICS,PRE,,,,,,,,,,,,,,,,
ME,F428,Smart Materials,ME,F216,Materials Science and Engineering,PRE,OR,MF,F216,Materials Science and Engineering,PRE,OR,CHE,F243,MATERIAL SCIENCE & ENGG,PRE,,,,,,
ME,F429,Micro-Nanoscale Heat Transport,ME,F220,HEAT TRANSFER,PRE,OR,CHE,F241,HEAT TRANSFER,PRE,,,,,,,,,,,
PHY,F433,Topics in Nonlinear Optics,PHY,F212,ELECTROMAGNETIC THEO I,PRE,OR,PHY,F213,OPTICS,PRE,,,,,,,,,,,
